<!--
    Input:
        frameworks/av/camera/cameraserver/manifest_android.frameworks.cameraservice.service.xml
-->
<manifest version="8.0" type="framework">
    <hal format="hidl" max-level="7">
        <name>android.frameworks.cameraservice.service</name>
        <transport>hwbinder</transport>
        <fqname>@2.2::ICameraService/default</fqname>
    </hal>
    <hal format="aidl">
        <name>android.frameworks.cameraservice.service</name>
        <fqname>ICameraService/default</fqname>
    </hal>
</manifest>
