<!--
    Input:
        system/libhidl/vintfdata/system_ext_manifest.default.xml
        device/google/cuttlefish/shared/config/system_ext_manifest.xml
-->
<manifest version="8.0" type="framework">
    <vendor-ndk>
        <version>30</version>
    </vendor-ndk>
    <vendor-ndk>
        <version>31</version>
    </vendor-ndk>
    <vendor-ndk>
        <version>32</version>
    </vendor-ndk>
    <vendor-ndk>
        <version>33</version>
    </vendor-ndk>
    <vendor-ndk>
        <version>VanillaIceCream</version>
    </vendor-ndk>
</manifest>
